time,ax (m/s^2),ay (m/s^2),az (m/s^2),aT (m/s^2)
0.005000,-0.1024,-0.0509,-0.5573,0.569
0.005000,-0.1094,-0.0472,-0.4253,0.442
0.005000,-0.1324,-0.0006,-0.2805,0.310
0.017000,-0.1294,0.0520,-0.1371,0.196
0.017000,-0.1756,0.0105,-0.1018,0.203
0.024000,-0.2018,0.1080,-0.0977,0.249
0.032000,-0.2047,0.2505,-0.0154,0.324
0.033000,-0.2453,0.2682,0.0687,0.370
0.033000,-0.3400,0.2114,0.1046,0.414
0.037000,-0.4381,0.1708,0.0360,0.472
0.044000,-0.5348,0.1275,-0.0676,0.554
0.048000,-0.4589,0.1175,-0.1702,0.503
0.053000,-0.3468,0.1078,-0.2412,0.436
0.057000,-0.2010,0.0605,-0.2522,0.328
0.061000,-0.1254,-0.0525,-0.1967,0.239
0.067000,-0.1138,-0.1879,-0.1678,0.276
0.072000,-0.0656,-0.2297,-0.1747,0.296
0.077000,0.1304,-0.1219,-0.2076,0.274
0.082000,0.2752,-0.0681,-0.1809,0.336
0.086000,0.3593,-0.0207,-0.1803,0.403
0.092000,0.2946,-0.1226,-0.1226,0.342
0.097000,0.2746,-0.2708,-0.0865,0.395
0.101000,0.3044,-0.3224,-0.1028,0.455
0.108000,0.3412,-0.3184,-0.1307,0.485
0.110000,0.3877,-0.2755,-0.1891,0.512
0.116000,0.3707,-0.2625,-0.3158,0.553
0.121000,0.2977,-0.2427,-0.4247,0.573
0.126000,0.1835,-0.2060,-0.5020,0.573
0.129000,0.1161,-0.1780,-0.5359,0.577
0.134000,0.0430,-0.1012,-0.5531,0.564
0.141000,0.0329,-0.0017,-0.5608,0.562
0.145000,0.0325,0.0870,-0.5782,0.586
0.150000,-0.0060,0.0322,-0.4863,0.487
0.153000,0.0316,-0.0179,-0.3455,0.347
0.166000,0.0778,-0.0803,-0.2225,0.249
0.166000,0.1871,-0.0795,-0.1363,0.245
0.172000,0.2732,-0.0712,-0.0888,0.296
0.179000,0.3430,-0.0820,-0.0488,0.356
0.180000,0.3892,-0.1170,0.0241,0.407
0.182000,0.4117,-0.1981,0.0823,0.464
0.188000,0.4079,-0.2207,0.0856,0.472
0.193000,0.4086,-0.2330,0.0415,0.472
0.198000,0.4018,-0.1855,0.0596,0.446
0.201000,0.3522,-0.1306,0.0967,0.388
0.207000,0.2920,-0.1135,0.1171,0.334
0.213000,0.2365,-0.0978,0.1279,0.286
0.217000,0.2244,-0.1069,0.0840,0.262
0.221000,0.2176,-0.1779,0.0501,0.286
0.226000,0.2259,-0.2365,0.0640,0.333
0.230000,0.2469,-0.2230,0.0824,0.343
0.237000,0.3121,-0.1021,0.1244,0.351
0.241000,0.3175,-0.0931,0.1304,0.356
0.246000,0.2427,-0.1761,0.1410,0.331
0.250000,0.1782,-0.3171,0.1086,0.380
0.255000,0.2137,-0.2780,0.0646,0.357
0.261000,0.2764,-0.1765,0.0992,0.343
0.266000,0.0482,-0.3455,0.1715,0.389
0.270000,0.0144,-0.3698,0.1172,0.388
0.283000,0.1920,-0.1440,0.0466,0.244
0.284000,0.2817,0.0190,0.0455,0.286
0.285000,0.1524,-0.0470,0.0895,0.183
0.296000,-0.0076,-0.1241,0.1806,0.219
0.296000,-0.0609,-0.1082,0.2686,0.296
0.298000,-0.0674,-0.0001,0.2989,0.306
0.303000,-0.1364,0.1280,0.2483,0.311
0.309000,-0.2393,0.1929,0.1626,0.348
0.313000,-0.3240,0.2191,0.1417,0.416
0.318000,-0.3980,0.2617,0.1732,0.507
0.322000,-0.4213,0.2992,0.2069,0.557
0.327000,-0.4537,0.2958,0.2569,0.599
0.333000,-0.4647,0.2967,0.2591,0.609
0.337000,-0.4453,0.2994,0.2803,0.605
0.342000,-0.4171,0.2753,0.3180,0.592
0.347000,-0.3825,0.2316,0.3293,0.555
0.351000,-0.3600,0.1829,0.3216,0.516
0.358000,-0.3133,0.1509,0.3141,0.469
0.362000,-0.2703,0.1591,0.2948,0.430
0.367000,-0.2352,0.1812,0.2306,0.376
0.371000,-0.2119,0.2055,0.1646,0.338
0.376000,-0.2067,0.1991,0.1205,0.311
0.381000,-0.1786,0.1910,0.1100,0.284
0.387000,-0.1438,0.1792,0.0900,0.247
0.406000,-0.1238,0.1519,0.0534,0.203
0.407000,-0.1188,0.1283,0.0337,0.178
0.407000,-0.0771,0.1107,0.0782,0.156
0.407000,-0.0136,0.0942,0.1223,0.155
0.419000,0.0286,0.0951,0.1826,0.208
0.419000,0.0163,0.1008,0.2281,0.250
0.420000,0.0071,0.1062,0.2424,0.265
0.427000,0.0006,0.0848,0.2804,0.293
0.431000,-0.0077,0.0864,0.2919,0.305
0.434000,-0.0133,0.0726,0.2892,0.299
0.439000,-0.0352,0.0792,0.2462,0.261
0.443000,-0.0449,0.0964,0.1776,0.207
0.448000,-0.0591,0.1149,0.1309,0.184
0.453000,-0.0919,0.1230,0.1344,0.204
0.458000,-0.0739,0.1164,0.0691,0.154
0.463000,-0.0359,0.0881,0.0091,0.096
0.467000,-0.0044,0.0436,-0.0148,0.046
0.472000,0.0281,0.0090,-0.0102,0.031
0.478000,0.0309,-0.0323,-0.0150,0.047
0.483000,0.0729,-0.0564,-0.0508,0.105
0.488000,0.1085,-0.0707,-0.0507,0.139
0.501000,0.1113,-0.1087,-0.0173,0.157
0.503000,0.0742,-0.0848,0.0015,0.113
0.503000,0.0425,-0.0518,0.0130,0.068
0.519000,-0.0032,-0.0313,0.0411,0.052
0.520000,-0.0104,-0.0136,0.0499,0.053
0.521000,-0.0295,-0.0008,0.0160,0.034
0.521000,-0.0275,0.0024,0.0013,0.028
0.527000,-0.0162,-0.0085,0.0272,0.033
0.530000,0.0210,-0.0144,0.0670,0.072
0.535000,0.0200,-0.0180,0.0685,0.074
0.540000,0.0476,-0.0597,0.0345,0.084
0.546000,0.0746,-0.0633,-0.0420,0.106
0.549000,0.1007,-0.0837,-0.0752,0.151
0.554000,0.1185,-0.0831,-0.0818,0.166
0.559000,0.1141,-0.0927,-0.0457,0.154
0.563000,0.1116,-0.0910,-0.0572,0.155
0.569000,0.0850,-0.1235,-0.0758,0.168
0.574000,0.0729,-0.1448,-0.0965,0.189
0.579000,0.0683,-0.1213,-0.1241,0.186
0.584000,0.0620,-0.1102,-0.1349,0.185
0.587000,0.0446,-0.1086,-0.1433,0.185
0.603000,0.0706,-0.0928,-0.1421,0.184
0.604000,0.0919,-0.1100,-0.1836,0.233
0.605000,0.0678,-0.1337,-0.2462,0.288
0.624000,0.0361,-0.1400,-0.2727,0.309
0.625000,0.0298,-0.1265,-0.2634,0.294
0.625000,0.0372,-0.1053,-0.2423,0.267
0.625000,0.0367,-0.0835,-0.2142,0.233
0.626000,0.0502,-0.0447,-0.2031,0.214
0.631000,0.0514,0.0016,-0.1944,0.201
0.635000,0.0238,0.0340,-0.1811,0.186
0.641000,-0.0062,0.0338,-0.1703,0.174
0.647000,-0.0243,0.0178,-0.0908,0.096
0.651000,-0.0425,0.0098,-0.0333,0.055
0.658000,-0.0204,-0.0095,0.0094,0.024
0.659000,-0.0013,-0.0117,0.0684,0.069
0.666000,0.0077,-0.0187,0.1340,0.135
0.670000,0.0234,-0.0283,0.1682,0.172
0.675000,0.0365,-0.0360,0.1761,0.183
0.680000,0.0352,-0.0610,0.1626,0.177
0.685000,0.0411,-0.0771,0.1373,0.163
0.691000,0.0542,-0.0607,0.1052,0.133
0.695000,0.0486,-0.0309,0.0852,0.103
0.700000,0.0390,-0.0164,0.0370,0.056
0.705000,0.0329,-0.0051,-0.0275,0.043
0.709000,0.0421,0.0056,-0.0891,0.099
0.714000,0.0473,0.0039,-0.1074,0.117
0.720000,0.0433,-0.0171,-0.1279,0.136
0.738000,0.0441,-0.0216,-0.1602,0.168
0.739000,0.0402,-0.0310,-0.1351,0.144
0.740000,0.0200,0.0001,-0.0795,0.082
0.740000,0.0051,0.0098,-0.0385,0.040
0.743000,-0.0160,0.0362,-0.0264,0.048
0.748000,-0.0388,0.0295,-0.0358,0.061
0.753000,-0.0543,0.0327,-0.0499,0.081
0.758000,-0.0627,0.0172,-0.0639,0.091
0.761000,-0.0429,0.0210,-0.0612,0.078
0.766000,-0.0260,0.0038,0.0009,0.026
0.771000,-0.0523,-0.0152,0.0078,0.055
0.777000,-0.0691,-0.0622,0.0171,0.095
0.780000,-0.0766,-0.0395,0.0144,0.087
0.786000,-0.0817,-0.0166,0.0235,0.087
0.791000,-0.0679,0.0043,0.0278,0.074
0.796000,-0.0805,0.0255,0.0131,0.085
0.800000,-0.1121,0.0374,0.0009,0.118
0.804000,-0.1175,0.0424,0.0124,0.126
0.811000,-0.1088,0.0072,-0.0022,0.109
0.816000,-0.1123,-0.0063,-0.0001,0.113
0.820000,-0.1018,-0.0150,-0.0051,0.103
0.837000,-0.1201,-0.0024,0.0089,0.120
0.838000,-0.0979,0.0052,-0.0080,0.098
0.839000,-0.0976,0.0432,-0.0105,0.107
0.856000,-0.0858,0.0307,-0.0249,0.094
0.857000,-0.0698,0.0367,-0.0438,0.090
0.859000,-0.0854,0.0019,-0.0009,0.085
0.859000,-0.0943,-0.0142,0.0394,0.103
0.859000,-0.0873,-0.0305,0.0295,0.097
0.863000,-0.0644,-0.0422,-0.0040,0.077
0.868000,-0.0379,-0.0419,0.0055,0.057
0.876000,-0.0148,-0.0178,0.0079,0.024
0.876000,-0.0139,0.0015,0.0244,0.028
0.883000,-0.0181,0.0375,0.0433,0.060
0.887000,-0.0128,0.0498,0.0809,0.096
0.892000,-0.0262,0.0195,0.1111,0.116
0.897000,-0.0175,0.0110,0.1600,0.161
0.900000,-0.0176,-0.0331,0.1777,0.182
0.907000,-0.0050,-0.0604,0.2022,0.211
0.912000,0.0132,-0.0595,0.1839,0.194
0.917000,0.0156,-0.0566,0.1704,0.180
0.921000,-0.0094,-0.0377,0.1737,0.178
0.925000,0.0098,0.0141,0.1413,0.142
0.931000,0.0065,0.0485,0.1210,0.131
0.936000,0.0042,0.0589,0.1151,0.129
0.953000,-0.0185,0.0454,0.0878,0.101
0.955000,-0.0098,0.0177,0.0560,0.060
0.955000,-0.0011,0.0235,0.0316,0.039
0.956000,0.0193,0.0366,0.0027,0.041
0.971000,0.0514,0.0472,0.0025,0.070
0.973000,0.0451,0.0364,-0.0096,0.059
0.973000,0.0247,-0.0097,-0.0311,0.041
0.973000,-0.0023,-0.0293,-0.0548,0.062
0.979000,0.0375,-0.0129,-0.0783,0.088
0.983000,0.0484,0.0202,-0.0493,0.072
0.991000,0.0497,0.0577,-0.0325,0.083
0.993000,0.0082,0.1043,-0.0016,0.105
0.996000,0.0237,0.1597,0.0243,0.163
1.003000,-0.0229,0.1788,0.0050,0.180
1.008000,-0.0484,0.1783,0.0096,0.185
1.012000,-0.0722,0.1703,0.0046,0.185
1.017000,-0.0489,0.1408,0.0117,0.150
1.021000,-0.0289,0.1377,-0.0122,0.141
1.034000,-0.0284,0.1323,-0.0146,0.136
1.035000,-0.0329,0.0965,-0.0097,0.102
1.037000,0.0124,0.0517,-0.0311,0.062
1.054000,0.0546,0.0266,-0.0594,0.085
1.055000,0.0821,-0.0027,-0.0804,0.115
1.056000,0.1137,-0.0196,-0.0608,0.130
1.056000,0.1089,-0.0268,-0.0437,0.120
1.061000,0.0968,0.0135,-0.0909,0.134
1.066000,0.0941,0.0583,-0.1330,0.173
1.069000,0.0626,0.0814,-0.1628,0.192
1.075000,0.0236,0.0901,-0.2019,0.222
1.080000,-0.0041,0.0677,-0.1978,0.209
1.085000,-0.0181,0.0455,-0.1748,0.182
1.090000,-0.0185,0.0496,-0.1330,0.143
1.093000,-0.0051,0.0796,-0.1176,0.142
1.099000,0.0271,0.0525,-0.1070,0.122
1.107000,0.0522,0.0494,-0.0919,0.117
1.109000,0.0824,0.0179,-0.0863,0.121
1.114000,0.0939,-0.0014,-0.0998,0.137
1.117000,0.0868,0.0082,-0.1014,0.134
1.125000,0.0757,0.0227,-0.1125,0.137
1.128000,0.0889,0.0373,-0.0973,0.137
1.133000,0.1049,0.0236,-0.0919,0.141
1.138000,0.1141,0.0197,-0.1102,0.160
1.153000,0.1047,0.0065,-0.0905,0.139
1.154000,0.0768,0.0029,-0.0922,0.120
1.154000,0.0802,0.0184,-0.0655,0.105
1.171000,0.0602,0.0051,-0.0438,0.075
1.172000,0.0239,-0.0106,-0.0507,0.057
1.172000,-0.0119,0.0046,-0.0552,0.057
1.173000,-0.0210,0.0339,-0.0834,0.092
1.176000,-0.0463,0.0583,-0.1161,0.138
1.181000,-0.0377,0.0232,-0.1130,0.121
1.185000,-0.0381,0.0146,-0.1621,0.167
1.190000,-0.0141,0.0157,-0.2085,0.210
1.196000,-0.0092,-0.0142,-0.1857,0.186
1.200000,0.0172,-0.0225,-0.1678,0.170
1.206000,0.0623,-0.0332,-0.1453,0.161
1.210000,0.0665,-0.0110,-0.1253,0.142
1.214000,0.0704,-0.0153,-0.1482,0.165
1.220000,0.0524,-0.0389,-0.1590,0.172
1.225000,0.0504,-0.0603,-0.1839,0.200
1.230000,0.0309,-0.0365,-0.1801,0.186
1.234000,-0.0081,-0.0011,-0.1549,0.155
1.253000,-0.0379,0.0270,-0.1395,0.147
1.254000,-0.0371,0.0362,-0.1621,0.170
1.254000,-0.0395,0.0719,-0.1703,0.189
1.255000,-0.0618,0.0485,-0.1547,0.174
1.271000,-0.0538,0.0426,-0.1131,0.132
1.272000,-0.0536,0.0135,-0.0363,0.066
1.272000,-0.0463,0.0138,0.0066,0.049
1.276000,0.0040,0.0336,0.0373,0.050
1.278000,-0.0194,0.0490,0.0677,0.086
1.281000,-0.0351,0.0434,0.1168,0.129
1.285000,-0.0666,0.0308,0.1679,0.183
1.292000,-0.0662,0.0230,0.2422,0.252
1.297000,-0.0696,0.0197,0.2708,0.280
1.301000,-0.0412,0.0373,0.2469,0.253
1.305000,-0.0121,0.0231,0.2660,0.267
1.310000,0.0177,0.0390,0.2612,0.265
1.316000,0.0507,0.0347,0.2350,0.243
1.321000,0.0486,0.0367,0.2162,0.225
1.326000,0.0497,0.0283,0.2094,0.217
1.331000,0.0607,0.0121,0.1980,0.207
1.335000,0.0581,-0.0045,0.1439,0.155
1.341000,0.0343,-0.0165,0.1236,0.129
1.345000,0.0203,0.0094,0.0796,0.083
1.350000,-0.0177,0.0093,0.0289,0.035
1.370000,-0.0488,0.0309,0.0166,0.060
1.371000,-0.0970,0.0436,0.0353,0.112
1.372000,-0.1267,0.0331,0.0325,0.135
1.372000,-0.1334,0.0497,0.0581,0.154
1.382000,-0.1317,0.0810,0.0860,0.177
1.383000,-0.1191,0.1127,0.0708,0.179
1.383000,-0.0980,0.0970,0.0558,0.149
1.390000,-0.0755,0.0696,0.1122,0.152
1.394000,-0.0653,0.0518,0.1752,0.194
1.399000,-0.0409,0.0172,0.2235,0.228
1.403000,-0.0257,0.0084,0.2096,0.211
1.407000,-0.0076,0.0225,0.1627,0.164
1.413000,0.0111,0.0168,0.1446,0.146
1.417000,0.0234,0.0268,0.0579,0.068
1.422000,0.0054,0.0289,0.0027,0.030
1.426000,-0.0044,0.0233,-0.0401,0.047
1.430000,0.0105,0.0623,-0.1015,0.120
1.436000,0.0166,0.0627,-0.1269,0.142
1.441000,0.0325,0.0605,-0.1591,0.173
1.446000,0.0201,0.0607,-0.1460,0.159
1.451000,0.0149,0.0586,-0.1021,0.119
1.456000,-0.0093,0.0638,-0.0680,0.094
1.462000,-0.0049,0.0358,-0.0129,0.038
1.466000,0.0089,0.0391,-0.0058,0.041
1.473000,0.0032,0.0569,-0.0082,0.058
1.475000,0.0092,0.0822,-0.0011,0.083
1.480000,0.0125,0.1219,0.0083,0.123
1.485000,-0.0034,0.1451,-0.0559,0.156
1.502000,-0.0171,0.1567,-0.1078,0.191
1.503000,-0.0332,0.1591,-0.1854,0.247
1.503000,-0.0303,0.1359,-0.2529,0.289
1.504000,-0.0085,0.1013,-0.2889,0.306
1.524000,-0.0203,0.0814,-0.3176,0.328
1.525000,0.0274,0.0784,-0.3080,0.319
1.525000,0.0867,0.0894,-0.3460,0.368
1.526000,0.1122,0.1165,-0.4026,0.434
1.527000,0.1160,0.1260,-0.4421,0.474
1.533000,0.0981,0.1253,-0.4693,0.496
1.540000,0.0967,0.1544,-0.5224,0.553
1.543000,0.0876,0.1632,-0.6011,0.629
1.546000,0.0830,0.1686,-0.6838,0.709
1.551000,0.0829,0.1992,-0.7729,0.802
1.558000,0.0968,0.1933,-0.8825,0.909
1.562000,0.0866,0.1821,-1.0102,1.030
1.567000,0.0502,0.1731,-1.1178,1.132
1.571000,0.0162,0.1450,-1.1913,1.200
1.575000,-0.0083,0.1220,-1.2665,1.272
1.581000,-0.0235,0.0924,-1.3435,1.347
1.586000,-0.0199,0.0634,-1.4435,1.445
1.598000,0.0071,0.0422,-1.5452,1.546
1.599000,0.0410,0.0291,-1.6697,1.670
1.600000,0.0699,0.0285,-1.7458,1.747
1.618000,0.1085,0.0288,-1.8712,1.875
1.620000,0.2134,0.0514,-2.1095,2.121
1.620000,0.3410,0.0749,-2.4266,2.452
1.621000,0.4834,0.0330,-2.7483,2.791
1.629000,0.6241,-0.0096,-3.0721,3.135
1.631000,0.6686,0.0135,-3.4408,3.505
1.634000,0.6626,0.0713,-4.0774,4.132
1.640000,0.7033,0.2185,-4.8640,4.919
1.643000,0.7589,0.3686,-5.6973,5.759
1.647000,0.7332,0.4949,-6.6754,6.734
1.653000,0.5321,0.6235,-7.5733,7.618
1.658000,0.1824,0.5954,-8.9363,8.958
1.664000,-0.2153,0.4503,-10.4625,10.474
1.667000,-0.6377,0.8751,-11.6088,11.659
1.673000,-0.9574,1.7003,-12.2322,12.387
1.678000,-1.8221,-0.3018,-14.0667,14.187
1.683000,-2.6963,-0.7393,-12.7466,13.050
1.690000,-1.1132,-0.3526,-10.3417,10.407
1.691000,-0.3529,-0.5109,-9.3688,9.389
1.696000,-0.4183,-0.4682,-9.3264,9.348
1.703000,-0.5001,-0.4520,-9.3145,9.339
1.718000,-0.5623,-0.4096,-9.2876,9.314
1.719000,-0.6482,-0.3768,-9.2647,9.295
1.720000,-0.7097,-0.3394,-9.2507,9.284
1.734000,-0.8114,-0.3189,-9.2194,9.260
1.735000,-0.8648,-0.2818,-9.1969,9.242
1.736000,-0.9369,-0.2568,-9.1642,9.216
1.736000,-1.0252,-0.2320,-9.1237,9.184
1.742000,-1.0891,-0.2145,-9.1017,9.169
1.744000,-1.1670,-0.1636,-9.0623,9.139
1.750000,-1.2419,-0.1392,-9.0247,9.111
1.754000,-1.3067,-0.1102,-9.0010,9.096
1.760000,-1.3828,-0.0790,-8.9670,9.073
1.763000,-1.4631,-0.0528,-8.9325,9.052
1.768000,-1.5357,-0.0267,-8.8855,9.017
1.774000,-1.6076,-0.0032,-8.8667,9.011
1.779000,-1.6741,0.0321,-8.8353,8.993
1.784000,-1.7494,0.0743,-8.7916,8.964
1.790000,-1.7977,0.0877,-8.7497,8.933
1.792000,-1.8717,0.1343,-8.7218,8.921
1.799000,-1.9330,0.1521,-8.6742,8.888
1.805000,-1.9958,0.1792,-8.6334,8.863
1.808000,-2.0651,0.2084,-8.5779,8.825
1.812000,-2.1287,0.2446,-8.5483,8.813
1.817000,-2.1939,0.2542,-8.5328,8.814
1.835000,-2.2535,0.2852,-8.4762,8.775
1.837000,-2.3098,0.3350,-8.4408,8.758
1.838000,-2.3772,0.3391,-8.3955,8.732
1.839000,-2.4317,0.3646,-8.3524,8.707
1.840000,-2.5069,0.3896,-8.2947,8.674
1.852000,-2.5572,0.4169,-8.2799,8.676
1.853000,-2.6066,0.4677,-8.2217,8.638
1.856000,-2.6716,0.4777,-8.1874,8.625
1.860000,-2.7261,0.4920,-8.1409,8.599
1.864000,-2.7796,0.5229,-8.0992,8.579
1.872000,-2.8226,0.5511,-8.0597,8.557
1.876000,-2.8716,0.5646,-8.0202,8.537
1.880000,-2.9268,0.6067,-7.9734,8.515
1.884000,-2.9952,0.6221,-7.9290,8.499
1.889000,-3.0387,0.6421,-7.8943,8.483
1.896000,-3.0881,0.6593,-7.8452,8.457
1.899000,-3.1245,0.6740,-7.8082,8.437
1.906000,-3.1692,0.7026,-7.7713,8.422
1.909000,-3.2248,0.7287,-7.7177,8.396
1.914000,-3.2648,0.7520,-7.6788,8.378
1.919000,-3.3107,0.7775,-7.6352,8.358
1.924000,-3.3363,0.8076,-7.5847,8.325
1.928000,-3.3773,0.8088,-7.5488,8.309
1.933000,-3.4219,0.8264,-7.5085,8.293
1.952000,-3.4580,0.8558,-7.4613,8.268
1.954000,-3.4880,0.8683,-7.4168,8.242
1.956000,-3.5454,0.8947,-7.3704,8.228
1.957000,-3.5703,0.9186,-7.3363,8.211
1.963000,-3.5939,0.9326,-7.3075,8.197
1.964000,-3.6210,0.9487,-7.2576,8.166
1.967000,-3.6730,0.9670,-7.2226,8.160
1.972000,-3.6805,0.9731,-7.1737,8.121
1.976000,-3.7272,1.0124,-7.1446,8.122
1.980000,-3.7438,1.0228,-7.0898,8.083
1.985000,-3.7589,1.0544,-7.0476,8.057
1.991000,-3.7725,1.0523,-7.0205,8.039
1.996000,-3.7894,1.0835,-6.9677,8.005
2.000000,-3.8168,1.0929,-6.9420,7.997
2.004000,-3.8426,1.1165,-6.9242,7.997
2.010000,-3.8549,1.1399,-6.8665,7.957
2.015000,-3.8584,1.1391,-6.8575,7.950
2.022000,-3.8627,1.1572,-6.8206,7.923
2.025000,-3.8868,1.1703,-6.7775,7.900
2.029000,-3.8878,1.1904,-6.7376,7.869
2.034000,-3.9039,1.2006,-6.7107,7.856
2.048000,-3.9063,1.2346,-6.6823,7.838
2.050000,-3.9021,1.2349,-6.6525,7.811
2.050000,-3.9154,1.2397,-6.6141,7.785
2.053000,-3.9198,1.2515,-6.5791,7.760
2.069000,-3.9200,1.2797,-6.5333,7.726
2.073000,-3.9135,1.2910,-6.5100,7.705
2.074000,-3.9005,1.3068,-6.4639,7.662
2.075000,-3.8998,1.3200,-6.4333,7.638
2.077000,-3.8710,1.3258,-6.3656,7.567
2.082000,-3.8712,1.3480,-6.2681,7.489
2.090000,-3.8595,1.3412,-6.0644,7.312
2.092000,-3.8451,1.3721,-5.3270,6.712
2.098000,24.0113,3.3923,45.5020,51.560
2.101000,74.9100,-28.6486,70.7214,106.929
2.118000,75.9467,-61.6791,70.1381,120.381
2.121000,77.1209,-55.2648,69.7179,117.739
2.124000,37.7307,-14.4496,55.1052,68.330
2.125000,-10.0942,9.2788,-5.3368,14.713
2.141000,-12.7473,7.3358,-14.6248,20.741
2.143000,-8.4660,2.8087,-13.3237,16.034
2.143000,-4.2675,0.1992,-11.0543,11.851
2.144000,-2.9954,-0.5550,-9.7638,10.228
2.152000,-3.2273,-0.7488,-9.0879,9.673
2.153000,-4.2037,-1.0926,-8.3282,9.393
2.165000,-4.7800,-1.3962,-7.8516,9.298
2.166000,-4.5810,-1.5045,-7.7613,9.137
2.167000,-3.7729,-1.2976,-8.0117,8.950
2.169000,-2.7301,-0.8769,-8.2863,8.768
2.178000,-1.8352,-0.4001,-8.5249,8.729
2.178000,-1.1679,-0.0379,-8.6507,8.729
2.184000,-0.6542,0.2278,-8.7017,8.729
2.196000,-0.3044,0.4362,-8.7163,8.732
2.196000,-0.0025,0.6406,-8.7062,8.730
2.197000,0.2018,0.7719,-8.7216,8.758
2.213000,0.2977,0.8640,-8.7362,8.784
2.214000,0.3120,0.9435,-8.7595,8.816
2.214000,0.2714,1.0177,-8.7387,8.802
2.219000,0.1977,1.0652,-8.7244,8.791
2.232000,0.1221,1.1170,-8.7043,8.777
2.233000,0.0590,1.1733,-8.6404,8.720
2.234000,-0.0132,1.2123,-8.5853,8.671
2.237000,-0.0991,1.2819,-8.5247,8.621
2.243000,-0.1651,1.3247,-8.4849,8.589
2.247000,-0.2425,1.3718,-8.4348,8.549
2.252000,-0.2954,1.4255,-8.3936,8.519
2.263000,-0.3813,1.4785,-8.2657,8.406
2.265000,-0.4732,1.5777,-7.7259,7.900
2.266000,-0.0486,2.2638,-3.2076,3.926
2.269000,0.5582,3.3584,4.2792,5.468
2.283000,0.8113,3.8897,9.0544,9.888
2.285000,0.6724,3.8003,11.3261,11.966
2.286000,0.2749,3.2459,11.7755,12.218
2.307000,-0.1817,2.5200,11.7097,11.979
2.310000,-0.2353,1.9818,12.1563,12.319
2.311000,-0.1739,1.4921,12.9781,13.065
2.312000,0.1017,0.7999,14.7113,14.733
2.313000,0.5058,-0.4524,14.3445,14.361
2.314000,0.9822,-0.8787,12.2729,12.343
2.318000,1.6454,-0.3683,9.2964,9.448
2.324000,2.1804,0.1223,6.5494,6.904
2.328000,2.5753,0.3062,4.8434,5.494
2.333000,2.6056,0.4328,3.1009,4.073
2.338000,2.1847,0.8579,0.7179,2.454
2.342000,1.1926,1.5857,-1.6374,2.573
2.348000,-0.3465,2.5173,-3.1408,4.040
2.355000,-1.7215,3.1514,-3.4344,4.969
2.358000,-2.4001,3.1952,-3.2592,5.157
2.362000,-2.6425,2.9469,-2.9784,4.954
2.366000,-2.6884,2.6272,-2.6772,4.615
2.373000,-2.5964,2.3251,-2.4003,4.232
2.377000,-2.3958,2.0747,-1.8483,3.669
2.382000,-2.1286,1.5699,-1.1050,2.866
2.389000,-1.9440,0.9664,-0.4887,2.225
2.390000,-1.7037,0.4606,-0.0185,1.765
2.397000,-1.3073,0.0960,0.4037,1.372
2.401000,-0.6440,-0.0532,0.7516,0.991
2.406000,0.0491,-0.1541,1.1066,1.118
2.411000,0.6147,-0.2891,1.5764,1.716
2.415000,1.0333,-0.4084,2.0984,2.374
2.434000,1.3138,-0.4802,2.5409,2.901
2.436000,1.4815,-0.5198,2.7246,3.145
2.436000,1.5057,-0.5353,2.5874,3.041
2.453000,1.4498,-0.5796,2.2803,2.764
2.454000,1.3357,-0.5461,1.9281,2.408
2.455000,1.1179,-0.4126,1.6169,2.009
2.455000,0.7056,-0.1764,1.3635,1.545
2.456000,0.1580,0.1193,1.2086,1.225
2.458000,-0.2439,0.3545,1.1018,1.183
2.462000,-0.3917,0.4789,0.8994,1.092
2.468000,-0.5103,0.5193,0.6926,1.005
2.473000,-0.5376,0.5573,0.5744,0.964
2.478000,-0.5034,0.5621,0.5067,0.909
2.483000,-0.4276,0.5581,0.5682,0.904
2.487000,-0.3295,0.5192,0.6248,0.877
2.492000,-0.1851,0.5128,0.7388,0.918
2.497000,-0.0734,0.5078,0.8837,1.022
2.502000,-0.0223,0.4416,1.0261,1.117
2.507000,-0.0170,0.3326,1.1109,1.160
2.511000,0.0007,0.2763,1.0713,1.106
2.517000,-0.0170,0.2290,0.9934,1.020
2.535000,-0.0149,0.2172,0.8893,0.916
2.536000,-0.0291,0.2146,0.8427,0.870
2.537000,-0.0241,0.2502,0.9277,0.961
2.537000,0.0050,0.3453,0.9959,1.054
2.541000,-0.0116,0.3614,1.0520,1.112
2.545000,-0.0568,0.3465,1.0602,1.117
2.550000,-0.1020,0.3533,1.0015,1.067
2.556000,-0.0970,0.2979,0.9141,0.966
2.558000,-0.0804,0.2425,0.8771,0.914
2.564000,-0.0566,0.2541,0.9143,0.951
2.571000,-0.0230,0.2798,0.9370,0.978
2.574000,0.0011,0.3341,0.9526,1.009
2.578000,-0.0248,0.3811,0.9609,1.034
2.582000,-0.0864,0.3660,0.9262,1.000
2.588000,-0.1239,0.3702,0.8485,0.934
2.593000,-0.1475,0.3651,0.8403,0.928
2.598000,-0.1476,0.2981,0.8846,0.945
2.605000,-0.0955,0.2911,0.9241,0.974
2.609000,-0.0315,0.2792,0.9852,1.024
2.613000,0.0111,0.2767,1.0078,1.045
2.617000,0.0277,0.2523,0.9946,1.026
2.623000,0.0494,0.2804,0.9599,1.001
2.628000,-0.0028,0.3084,0.9204,0.971
2.631000,-0.0644,0.2981,0.9001,0.950
2.651000,-0.1140,0.3405,0.9013,0.970
2.653000,-0.1636,0.3661,0.8762,0.964
2.653000,-0.1655,0.3655,0.8656,0.954
2.653000,-0.1270,0.3771,0.8668,0.954
2.661000,-0.0627,0.3075,0.8634,0.919
2.662000,-0.0346,0.3099,0.9197,0.971
2.667000,-0.0208,0.2790,0.9831,1.022
2.672000,0.0028,0.2599,0.9579,0.993
2.676000,-0.0069,0.2691,0.9567,0.994
2.679000,-0.0066,0.2565,0.9172,0.952
2.686000,-0.0371,0.2653,0.8921,0.931
2.690000,-0.0843,0.3101,0.8695,0.927
2.695000,-0.1054,0.3405,0.8827,0.952
2.699000,-0.0933,0.3614,0.9222,0.995
2.705000,-0.0741,0.3514,0.9091,0.977
2.709000,-0.0860,0.3104,0.8936,0.950
2.715000,-0.0574,0.3102,0.8542,0.911
2.718000,-0.0457,0.2813,0.8818,0.927
2.729000,-0.0173,0.2692,0.8975,0.937
2.730000,-0.0126,0.2809,0.9202,0.962
2.734000,-0.0220,0.2877,0.9286,0.972
2.746000,-0.0146,0.2872,0.9346,0.978
2.748000,-0.0622,0.2962,0.9215,0.970
2.748000,-0.0906,0.3029,0.8820,0.937
2.751000,-0.0902,0.2952,0.8474,0.902
2.758000,-0.0806,0.2971,0.8535,0.907
2.763000,-0.0735,0.3112,0.8811,0.937
2.767000,-0.0496,0.2989,0.9087,0.958
2.772000,-0.0328,0.3034,0.9123,0.962
2.775000,-0.0447,0.3102,0.8825,0.936
2.782000,-0.0279,0.2907,0.8981,0.944
2.788000,-0.0566,0.2737,0.8898,0.933
2.791000,-0.0612,0.2878,0.8958,0.943
2.796000,-0.0588,0.2970,0.9138,0.963
2.800000,-0.0444,0.2894,0.8983,0.945
2.806000,-0.0515,0.2961,0.8756,0.926
2.811000,-0.0393,0.3099,0.8626,0.917
2.816000,-0.0487,0.2951,0.8567,0.907
2.822000,-0.0510,0.3042,0.8723,0.925
2.824000,-0.0701,0.2919,0.8712,0.922
2.830000,-0.0676,0.3035,0.8797,0.933
2.834000,-0.0747,0.3079,0.8499,0.907
2.840000,-0.0532,0.2932,0.8560,0.906
2.845000,-0.0461,0.2882,0.8621,0.910
2.848000,-0.0342,0.2998,0.8873,0.937
2.867000,-0.0509,0.2803,0.8742,0.919
2.870000,-0.0267,0.2898,0.8834,0.930
2.870000,-0.0430,0.2848,0.8664,0.913
2.871000,-0.0567,0.2918,0.8330,0.884
2.872000,-0.0632,0.2988,0.8188,0.874
2.880000,-0.0649,0.3105,0.8118,0.872
2.883000,-0.0597,0.3174,0.8287,0.889
2.888000,-0.0640,0.2887,0.8240,0.875
2.893000,-0.0397,0.2768,0.8265,0.873
2.897000,-0.0584,0.2627,0.7958,0.840
2.904000,-0.0484,0.2559,0.8080,0.849
2.907000,-0.0385,0.2490,0.7869,0.826
2.911000,-0.0430,0.2351,0.7683,0.805
2.916000,-0.0425,0.2521,0.7737,0.815
2.921000,-0.0396,0.2736,0.7647,0.813
2.926000,-0.0559,0.2688,0.7820,0.829
2.931000,-0.0339,0.2736,0.7326,0.783
2.937000,-0.0667,0.2453,0.7572,0.799
2.940000,-0.0732,0.2670,0.7270,0.778
2.944000,-0.0157,0.2791,0.7208,0.773
2.950000,-0.0587,0.2388,0.7788,0.817
2.956000,-0.0747,0.1656,0.7318,0.754
2.960000,-0.0097,0.2830,0.6710,0.728
2.966000,-0.0075,0.2830,0.7080,0.763
2.984000,-0.0742,0.1997,0.7519,0.781
2.985000,-0.0328,0.2146,0.7217,0.754
2.986000,-0.0415,0.2699,0.6823,0.735
2.986000,-0.0602,0.2628,0.6813,0.733
2.995000,-0.0387,0.2083,0.6874,0.719
2.996000,-0.0740,0.2612,0.7052,0.756
2.998000,-0.0515,0.2282,0.6399,0.681
3.005000,-0.0248,0.2144,0.6107,0.648
3.008000,-0.0345,0.2245,0.6814,0.718
3.013000,-0.0082,0.2251,0.6756,0.712
3.016000,-0.0411,0.1829,0.6485,0.675
3.023000,-0.0595,0.2100,0.6216,0.659
3.027000,-0.0283,0.2319,0.6092,0.652
3.033000,-0.0330,0.1847,0.6111,0.639
3.037000,-0.0563,0.1880,0.6272,0.657
3.040000,-0.0272,0.2410,0.5958,0.643
3.046000,-0.0294,0.2152,0.6144,0.652
3.052000,-0.0387,0.2133,0.6519,0.687
3.057000,-0.0264,0.1925,0.6202,0.650
3.061000,-0.0615,0.2028,0.5817,0.619
3.064000,-0.0421,0.2131,0.5886,0.627
3.074000,-0.0372,0.2113,0.6026,0.640
3.076000,-0.0370,0.2001,0.6259,0.658
3.081000,-0.0247,0.1913,0.5873,0.618
3.086000,-0.0150,0.2064,0.5752,0.611
3.103000,-0.0172,0.1975,0.5655,0.599
3.106000,-0.0242,0.1769,0.5440,0.573
3.110000,-0.0500,0.1897,0.5797,0.612
3.111000,-0.0756,0.1787,0.5439,0.577
3.111000,-0.0274,0.2104,0.5345,0.575
3.113000,0.0012,0.2038,0.5347,0.572
3.122000,-0.0463,0.1832,0.5657,0.596
3.123000,-0.0505,0.1912,0.5324,0.568
3.133000,-0.0096,0.1801,0.5041,0.535
3.134000,-0.0334,0.1881,0.5472,0.580
3.136000,-0.0403,0.1770,0.5592,0.588
3.144000,-0.0279,0.1708,0.5330,0.560
3.153000,0.0010,0.2050,0.5142,0.554
3.157000,-0.0229,0.1818,0.5383,0.569
3.158000,-0.0273,0.1446,0.5075,0.528
3.161000,-0.0458,0.1838,0.4865,0.522
3.169000,-0.0407,0.1919,0.4800,0.519
3.175000,-0.0263,0.1618,0.4996,0.526
3.176000,-0.0190,0.1556,0.5001,0.524
3.180000,-0.0376,0.1591,0.4768,0.504
3.191000,-0.0253,0.1768,0.4584,0.492
3.192000,-0.0133,0.1683,0.4497,0.480
3.196000,-0.0323,0.1573,0.4910,0.517
3.207000,-0.0533,0.1371,0.4606,0.484
3.207000,-0.0312,0.1740,0.4400,0.474
3.209000,-0.0286,0.1654,0.4386,0.470
3.215000,-0.0309,0.1567,0.4467,0.474
3.227000,-0.0091,0.1529,0.4548,0.480
3.227000,-0.0183,0.1517,0.4437,0.469
3.229000,-0.0275,0.1433,0.4327,0.457
3.233000,-0.0132,0.1658,0.4433,0.473
3.239000,-0.0441,0.1431,0.4608,0.485
3.244000,-0.0600,0.0945,0.4070,0.422
3.249000,0.0095,0.1793,0.3678,0.409
3.255000,-0.0170,0.1967,0.4335,0.476
3.257000,-0.0644,0.0786,0.4773,0.488
3.264000,-0.0184,0.1112,0.4138,0.429
3.271000,-0.0156,0.2100,0.3793,0.434
3.272000,-0.0300,0.1489,0.4117,0.439
3.277000,-0.0253,0.1169,0.4342,0.450
3.282000,-0.0366,0.1347,0.4091,0.432
3.288000,-0.0288,0.1527,0.3438,0.377
3.293000,-0.0144,0.1490,0.3860,0.414
3.296000,-0.0195,0.1216,0.4254,0.443
3.303000,-0.0192,0.1538,0.4241,0.452
3.305000,0.0002,0.1336,0.3753,0.398
3.311000,-0.0353,0.1158,0.3697,0.389
3.316000,-0.0091,0.1575,0.3760,0.408
3.321000,-0.0209,0.1396,0.4012,0.425
3.325000,-0.0348,0.1028,0.3835,0.399
3.329000,-0.0106,0.1375,0.3659,0.391
3.337000,-0.0153,0.1079,0.3699,0.386
3.340000,-0.0271,0.1046,0.3880,0.403
3.345000,-0.0196,0.1226,0.3562,0.377
3.350000,-0.0193,0.1405,0.3483,0.376
3.354000,-0.0098,0.1419,0.3406,0.369
3.360000,-0.0168,0.1098,0.3566,0.373
3.364000,-0.0166,0.1230,0.3392,0.361
3.375000,-0.0401,0.1196,0.3600,0.382
3.376000,-0.0327,0.1210,0.3569,0.378
3.381000,-0.0158,0.1342,0.3538,0.379
3.383000,-0.0038,0.1212,0.3389,0.360
3.389000,-0.0369,0.0679,0.3240,0.333
3.393000,-0.0507,0.1364,0.3331,0.363
3.397000,-0.0431,0.1210,0.3254,0.350
3.402000,0.0214,0.1222,0.2846,0.310
3.408000,0.0068,0.1164,0.3367,0.356
3.412000,-0.0193,0.0799,0.3243,0.335
3.419000,-0.0379,0.1103,0.3024,0.324
3.421000,-0.0091,0.1569,0.3235,0.360
3.427000,-0.0425,0.0891,0.3326,0.347
3.433000,-0.0040,0.0907,0.3178,0.331
3.438000,-0.0155,0.0899,0.2818,0.296
3.442000,-0.0271,0.1082,0.2722,0.294
3.446000,-0.0035,0.1287,0.3078,0.334
3.450000,-0.0132,0.1134,0.3336,0.353
3.457000,-0.0175,0.0792,0.3022,0.313
3.462000,-0.0028,0.1022,0.2544,0.274
3.466000,-0.0314,0.1014,0.2925,0.311
3.482000,-0.0218,0.0957,0.2971,0.313
3.483000,-0.0192,0.0973,0.2826,0.300
3.483000,-0.0047,0.1037,0.2873,0.305
3.503000,-0.0023,0.1124,0.2847,0.306
3.504000,-0.0047,0.1043,0.2989,0.317
3.505000,-0.0259,0.0701,0.2725,0.283
3.505000,-0.0184,0.0886,0.2464,0.262
3.506000,-0.0302,0.1020,0.2394,0.262
3.509000,-0.0063,0.1083,0.2967,0.316
3.515000,-0.0086,0.0907,0.2870,0.301
3.518000,-0.0061,0.0829,0.2536,0.267
3.523000,-0.0296,0.0987,0.2442,0.265
3.529000,-0.0080,0.1098,0.2492,0.272
3.534000,-0.0175,0.0969,0.2636,0.281
3.538000,-0.0173,0.0890,0.2565,0.272
3.542000,-0.0241,0.0834,0.2590,0.273
3.547000,-0.0167,0.0923,0.2472,0.264
3.554000,-0.0071,0.0819,0.2569,0.270
3.557000,-0.0117,0.1120,0.2546,0.278
3.563000,-0.0020,0.0921,0.2381,0.255
3.567000,-0.0233,0.0890,0.2408,0.258
3.572000,-0.0184,0.0740,0.2481,0.260
3.577000,-0.0087,0.0782,0.2436,0.256
3.582000,-0.0182,0.0918,0.2343,0.252
3.600000,-0.0037,0.0958,0.2275,0.247
3.601000,0.0083,0.0831,0.2349,0.249
3.602000,-0.0060,0.0705,0.2257,0.237
3.602000,-0.0154,0.0818,0.2166,0.232
3.606000,-0.0152,0.0764,0.2123,0.226
3.611000,-0.0198,0.0781,0.2128,0.228
3.614000,-0.0126,0.0797,0.2061,0.221
3.621000,-0.0100,0.0814,0.2067,0.222
3.625000,-0.0028,0.0712,0.2096,0.221
3.630000,-0.0193,0.0754,0.2101,0.224
3.635000,-0.0214,0.0605,0.1939,0.204
3.638000,-0.0045,0.0934,0.2064,0.227
3.643000,-0.0188,0.0878,0.2307,0.248
3.649000,-0.0162,0.0538,0.2168,0.224
3.654000,-0.0136,0.0701,0.1982,0.211
3.659000,-0.0204,0.0814,0.1679,0.188
3.663000,-0.0085,0.0784,0.1712,0.188
3.669000,-0.0085,0.0658,0.1981,0.209
3.673000,-0.0156,0.0819,0.2153,0.231
3.678000,-0.0153,0.0859,0.2063,0.224
3.683000,-0.0175,0.0566,0.2139,0.222
3.688000,-0.0174,0.0561,0.2002,0.209
3.692000,-0.0100,0.0579,0.1628,0.173
3.698000,-0.0146,0.0598,0.1779,0.188
3.703000,-0.0169,0.0641,0.1929,0.204
3.708000,-0.0168,0.0802,0.2078,0.223
3.712000,-0.0095,0.0819,0.1941,0.211
3.716000,0.0073,0.0457,0.1804,0.186
3.721000,-0.0069,0.0643,0.1788,0.190
3.727000,-0.0045,0.0447,0.1724,0.178
3.732000,-0.0140,0.0610,0.1994,0.209
3.749000,-0.0162,0.0652,0.1881,0.200
3.751000,0.0102,0.0575,0.1603,0.171
3.751000,-0.0303,0.0570,0.1731,0.185
3.752000,-0.0038,0.0803,0.1691,0.187
3.756000,0.0200,0.0939,0.1723,0.197
3.759000,-0.0325,0.0076,0.1993,0.202
3.765000,0.0012,0.0384,0.1429,0.148
3.770000,0.0154,0.1474,0.1938,0.244
3.775000,-0.0252,0.0155,0.1897,0.192
3.779000,0.0059,-0.0156,0.1381,0.139
3.785000,0.0203,0.1603,0.1748,0.238
3.789000,-0.0154,0.0521,0.1542,0.164
3.794000,-0.0083,0.0042,0.1433,0.144
3.798000,0.0201,0.1228,0.1895,0.227
3.804000,-0.0249,-0.0041,0.1355,0.138
3.808000,-0.0243,0.0365,0.1224,0.130
3.812000,0.0042,0.1003,0.1474,0.178
3.827000,-0.0176,0.0162,0.1342,0.136
3.827000,0.0040,0.0255,0.1543,0.156
3.828000,0.0139,0.1132,0.0840,0.142
3.831000,-0.0241,0.0506,0.1615,0.171
3.846000,0.0424,0.1118,0.1814,0.217
3.847000,-0.0435,0.0301,0.1703,0.178
3.848000,-0.0404,0.0156,0.1877,0.193
3.860000,0.0148,0.0867,0.1053,0.137
3.861000,-0.0213,0.0171,0.0806,0.085
3.862000,-0.0262,0.0407,0.1510,0.159
3.866000,0.0192,0.0998,0.1947,0.220
3.871000,0.0052,0.0206,0.1194,0.121
3.876000,-0.0351,0.0157,0.1278,0.133
3.879000,0.0459,0.0962,0.1669,0.198
3.885000,-0.0328,-0.0091,0.1227,0.127
3.890000,-0.0395,0.0433,0.1286,0.141
3.895000,0.0083,0.0833,0.0871,0.121
3.902000,-0.0133,0.0279,0.0767,0.083
3.904000,-0.0227,0.0514,0.1733,0.182
3.909000,0.0086,0.0580,0.1433,0.155
3.915000,0.0015,0.0315,0.1016,0.106
3.921000,-0.0151,0.0288,0.1433,0.147
3.924000,0.0087,0.0404,0.1468,0.152
3.928000,-0.0173,0.0258,0.0932,0.098
3.949000,-0.0290,0.0493,0.0780,0.097
3.950000,-0.0099,0.0631,0.1200,0.136
3.950000,0.0022,0.0483,0.1402,0.148
3.951000,-0.0167,0.0455,0.1294,0.138
3.969000,-0.0094,0.0309,0.0974,0.103
3.970000,0.0001,0.0664,0.1297,0.146
3.970000,-0.0212,0.0373,0.1427,0.149
3.970000,-0.0256,0.0133,0.1034,0.107
3.972000,-0.0110,0.0606,0.0787,0.100
3.976000,0.0033,0.0577,0.0921,0.109
3.981000,0.0033,0.0264,0.1102,0.113
3.987000,0.0033,0.0309,0.1305,0.134
3.991000,0.0104,0.0640,0.1222,0.138
3.997000,-0.0016,0.0350,0.1187,0.124
4.000000,-0.0157,0.0013,0.1081,0.109
4.005000,0.0083,0.0511,0.0881,0.102
4.010000,-0.0060,0.0626,0.0919,0.111
4.016000,0.0082,0.0668,0.1219,0.139
4.020000,-0.0037,0.0401,0.1232,0.130
4.024000,-0.0058,0.0232,0.0864,0.090
4.030000,-0.0079,0.0302,0.0831,0.089
4.036000,0.0087,0.0109,0.0728,0.074
4.040000,-0.0059,0.0489,0.1267,0.136
4.045000,-0.0272,0.0532,0.1421,0.154
4.048000,-0.0173,0.0076,0.0839,0.086
4.056000,0.0211,0.0360,0.0712,0.082
4.059000,-0.0077,0.0380,0.0609,0.072
4.064000,0.0041,0.0473,0.0935,0.105
4.082000,-0.0008,0.0754,0.1449,0.163
4.083000,-0.0362,0.0249,0.1293,0.137
4.084000,-0.0095,-0.0157,0.0545,0.057
4.084000,0.0215,0.0461,0.0397,0.065
4.088000,-0.0026,0.0410,0.0843,0.094
4.093000,-0.0005,0.0384,0.1262,0.132
4.096000,-0.0242,0.0475,0.1488,0.158
4.103000,-0.0023,0.0305,0.0881,0.093
4.107000,0.0336,0.0207,0.0278,0.048
4.112000,-0.0025,0.0277,0.0536,0.060
4.117000,-0.0240,0.0203,0.0934,0.099
4.120000,-0.0070,0.0345,0.1233,0.128
4.127000,0.0004,0.0295,0.0961,0.100
4.131000,0.0076,0.0291,0.0761,0.082
4.136000,0.0241,0.0382,0.0612,0.076
4.141000,-0.0070,0.0309,0.0653,0.073
4.145000,-0.0163,0.0212,0.0717,0.077
4.155000,-0.0067,0.0259,0.0900,0.094
4.156000,-0.0068,0.0376,0.1033,0.110
4.159000,0.0123,0.0135,0.1118,0.113
4.166000,0.0053,0.0466,0.0728,0.087
4.169000,0.0030,0.0485,0.0602,0.077
4.175000,-0.0113,0.0314,0.0596,0.068
4.179000,-0.0042,0.0170,0.0542,0.057
4.185000,0.0197,-0.0021,0.0631,0.066
4.189000,0.0030,0.0264,0.0767,0.081
4.193000,0.0148,0.0357,0.0831,0.092
4.198000,-0.0114,0.0210,0.0989,0.102
4.203000,-0.0087,0.0161,0.0623,0.065
4.209000,0.0246,0.0396,0.0355,0.059
4.213000,-0.0256,0.0227,0.0470,0.058
4.218000,0.0031,0.0297,0.0678,0.074
4.223000,-0.0040,0.0723,0.0933,0.118
4.228000,-0.0253,0.0076,0.0900,0.094
4.233000,-0.0060,0.0004,0.0535,0.054
4.237000,0.0203,0.0360,0.0339,0.053
4.242000,0.0153,0.0404,0.0501,0.066
4.247000,-0.0348,-0.0051,0.0876,0.094
4.263000,0.0036,0.0259,0.0630,0.068
4.264000,-0.0058,0.0565,0.0386,0.069
4.265000,-0.0033,0.0109,0.0429,0.044
4.265000,0.0110,0.0059,0.0471,0.049
4.274000,0.0085,0.0605,0.0727,0.095
4.276000,-0.0153,0.0078,0.0720,0.074
4.281000,-0.0412,0.0031,0.0760,0.087
4.287000,0.0399,0.0482,0.0373,0.073
4.289000,0.0062,0.0476,0.0511,0.070
4.296000,-0.0200,-0.0383,0.0600,0.074
4.301000,-0.0219,0.0405,0.0380,0.060
4.306000,0.0164,0.0664,0.0376,0.078
4.310000,0.0277,-0.0030,0.0751,0.080
4.313000,0.0012,0.0160,0.1053,0.106
4.319000,0.0110,0.0539,0.0544,0.077
4.326000,-0.0149,0.0035,0.0253,0.030
4.329000,-0.0126,0.0129,0.0345,0.039
4.335000,0.0158,0.0295,0.0602,0.069
4.337000,-0.0151,0.0341,0.0477,0.061
4.344000,0.0018,0.0172,0.0471,0.050
4.349000,-0.0101,0.0313,0.0490,0.059
4.353000,0.0137,0.0190,0.0485,0.054
4.359000,0.0160,0.0022,0.0622,0.064
4.362000,-0.0220,-0.0025,0.0402,0.046
4.369000,0.0020,0.0260,0.0160,0.031
4.372000,0.0067,0.0068,0.0561,0.057
4.378000,-0.0099,0.0233,0.0602,0.065
4.383000,-0.0002,0.0042,0.0738,0.074
4.386000,0.0118,0.0278,0.0588,0.066
4.393000,0.0046,0.0205,0.0535,0.057
4.397000,-0.0098,0.0132,0.0529,0.055
4.402000,-0.0167,0.0060,0.0476,0.051
4.407000,-0.0070,0.0344,0.0304,0.046
4.411000,0.0050,0.0341,0.0348,0.049
4.417000,0.0239,0.0432,0.0320,0.059
4.425000,0.0023,-0.0118,0.0578,0.059
4.426000,-0.0521,0.0240,0.0619,0.084
4.431000,0.0364,0.0475,0.0066,0.060
4.435000,0.0215,0.0328,0.0540,0.067
4.441000,-0.0287,-0.0293,0.0961,0.104
4.446000,0.0075,0.0517,0.0263,0.059
4.450000,-0.0018,-0.0152,-0.0073,0.017
4.455000,0.0265,0.0846,0.0330,0.095
4.459000,-0.0073,-0.0349,0.0991,0.105
4.465000,-0.0377,-0.0582,0.0174,0.072
4.469000,0.0129,0.0753,0.0029,0.076
4.474000,0.0148,0.0604,0.0431,0.076
4.480000,0.0025,-0.0568,0.0617,0.084
4.482000,0.0075,0.0339,0.0349,0.049
4.488000,-0.0133,0.0505,0.0155,0.054
4.492000,-0.0204,0.0144,0.0081,0.026
4.497000,0.0173,0.0213,0.0506,0.058
4.502000,-0.0043,0.0259,0.0833,0.087
4.506000,-0.0133,0.0115,0.0421,0.046
4.513000,0.0059,0.0209,0.0084,0.023
4.518000,0.0104,-0.0007,0.0249,0.027
4.522000,0.0054,0.0254,0.0459,0.053
4.527000,0.0007,0.0039,0.0454,0.046
4.530000,-0.0180,0.0040,0.0164,0.025
4.548000,0.0224,0.0514,0.0375,0.067
4.549000,0.0007,0.0201,0.0608,0.064
4.549000,-0.0158,-0.0110,0.0174,0.026
4.568000,0.0225,0.0223,-0.0066,0.032
4.569000,0.0223,0.0482,0.0194,0.057
4.569000,-0.0184,-0.0044,0.0500,0.053
4.570000,-0.0087,-0.0020,0.0305,0.032
4.570000,0.0081,0.0218,0.0182,0.030
4.576000,0.0104,0.0239,0.0156,0.030
4.578000,0.0055,-0.0047,0.0177,0.019
4.584000,-0.0111,0.0049,0.0483,0.050
4.588000,-0.0014,0.0192,-0.0092,0.021
4.594000,0.0081,0.0213,0.0216,0.031
4.598000,0.0151,0.0259,0.0664,0.073
4.603000,0.0055,0.0066,0.0230,0.025
4.608000,-0.0110,0.0137,0.0155,0.023
4.613000,-0.0085,0.0065,0.0176,0.021
4.618000,-0.0015,0.0113,0.0008,0.011
4.623000,0.0008,-0.0031,0.0339,0.034
4.627000,-0.0229,0.0111,0.0406,0.048
4.635000,0.0155,0.0229,0.0235,0.036
4.638000,-0.0059,-0.0035,0.0089,0.011
4.643000,-0.0154,0.0155,0.0467,0.052
4.646000,0.0251,0.0153,0.0225,0.037
4.650000,-0.0154,-0.0086,0.0269,0.032
4.657000,0.0038,0.0366,0.0265,0.045
4.661000,-0.0105,-0.0017,0.0143,0.018
4.678000,-0.0104,0.0126,-0.0002,0.016
4.679000,0.0514,0.0220,-0.0264,0.062
4.680000,0.0081,0.0336,0.0449,0.057
4.681000,-0.0488,-0.0093,0.0871,0.100
4.696000,0.0326,-0.0068,-0.0229,0.040
4.697000,0.0251,0.0788,0.0080,0.083
4.698000,-0.0394,-0.0383,0.0529,0.076
4.699000,-0.0128,-0.0237,0.0001,0.027
4.705000,0.0161,0.0336,-0.0048,0.038
4.710000,0.0158,0.0737,0.0189,0.078
4.714000,-0.0013,-0.0172,0.0590,0.061
4.719000,-0.0200,-0.0432,0.0489,0.068
4.722000,0.0188,0.0499,-0.0253,0.059
4.728000,0.0351,0.0614,0.0151,0.072
4.734000,-0.0440,-0.0437,0.0695,0.093
4.739000,0.0040,-0.0220,0.0166,0.028
4.743000,0.0281,0.0708,-0.0122,0.077
4.747000,-0.0267,-0.0177,0.0068,0.033
4.753000,0.0136,-0.0034,0.0137,0.020
4.758000,0.0324,0.0394,0.0562,0.076
4.764000,-0.0080,-0.0059,0.0295,0.031
4.769000,0.0089,-0.0201,0.0078,0.023
4.771000,0.0087,0.0417,0.0194,0.047
4.778000,0.0109,0.0009,0.0548,0.056
4.782000,-0.0151,0.0057,0.0091,0.019
4.788000,0.0161,0.0199,-0.0101,0.028
4.791000,0.0134,0.0364,0.0136,0.041
4.795000,-0.0107,0.0124,0.0442,0.047
4.813000,0.0015,-0.0019,0.0461,0.046
4.814000,0.0041,0.0029,-0.0114,0.012
4.814000,0.0087,0.0290,-0.0043,0.031
4.817000,0.0085,0.0073,0.0217,0.024
4.831000,0.0157,-0.0071,0.0190,0.026
4.832000,0.0015,0.0048,-0.0050,0.007
4.832000,-0.0103,0.0143,-0.0146,0.023
4.835000,0.0016,0.0096,0.0400,0.041
4.839000,0.0110,0.0095,0.0229,0.027
4.843000,-0.0127,-0.0143,0.0131,0.023
4.850000,-0.0029,0.0237,0.0129,0.027
4.855000,0.0255,0.0259,-0.0087,0.037
4.859000,0.0251,-0.0053,-0.0230,0.034
4.864000,-0.0202,0.0209,0.0459,0.054
4.867000,-0.0125,0.0137,0.0121,0.022
4.874000,0.0115,-0.0007,-0.0237,0.026
4.878000,0.0111,0.0183,0.0429,0.048
4.886000,0.0062,0.0252,0.0566,0.062
4.888000,-0.0078,-0.0082,0.0275,0.030
4.892000,-0.0218,0.0322,0.0177,0.043
4.898000,0.0069,0.0177,-0.0135,0.023
4.903000,0.0328,0.0080,-0.0040,0.034
4.908000,-0.0268,0.0104,0.0434,0.052
4.912000,-0.0050,0.0056,0.0120,0.014
4.932000,0.0141,0.0268,-0.0048,0.031
4.933000,-0.0074,0.0313,0.0355,0.048
4.933000,-0.0002,-0.0521,-0.0006,0.052
4.934000,0.0024,0.0125,-0.0078,0.015
4.937000,0.0095,0.0433,0.0277,0.052
4.941000,-0.0074,-0.0117,0.0369,0.039
4.946000,-0.0263,-0.0188,0.0270,0.042
4.952000,0.0074,0.0099,-0.0161,0.020
4.955000,0.0192,-0.0044,-0.0185,0.027
4.961000,-0.0001,0.0028,0.0243,0.024
4.963000,-0.0048,-0.0020,0.0287,0.029
4.970000,-0.0092,-0.0044,0.0093,0.014
4.975000,-0.0090,0.0218,0.0091,0.025
4.980000,-0.0042,-0.0022,-0.0006,0.005
4.984000,0.0220,0.0096,-0.0126,0.027
4.987000,-0.0162,0.0499,0.0040,0.053
4.994000,-0.0090,-0.0051,0.0181,0.021
5.000000,0.0054,0.0068,-0.0059,0.011
5.004000,0.0244,0.0353,0.0344,0.055
5.008000,0.0004,-0.0101,0.0150,0.018
5.012000,-0.0137,-0.0029,0.0005,0.014
5.019000,0.0032,0.0114,0.0074,0.014
5.024000,-0.0087,0.0184,-0.0117,0.023
5.028000,0.0031,0.0134,-0.0070,0.015
5.049000,0.0126,-0.0081,0.0095,0.018
5.050000,0.0007,-0.0010,-0.0025,0.003
5.050000,-0.0181,-0.0199,0.0092,0.028
5.051000,0.0059,0.0135,0.0043,0.015
5.052000,0.0151,-0.0010,0.0089,0.018
5.057000,-0.0113,-0.0343,0.0182,0.040
5.061000,0.0009,0.0254,0.0084,0.027
5.067000,0.0011,0.0275,-0.0132,0.031
5.071000,-0.0062,-0.0013,0.0034,0.007
5.076000,0.0151,0.0130,0.0199,0.028
5.079000,-0.0110,0.0106,0.0315,0.035
5.085000,0.0036,-0.0085,0.0050,0.010
5.090000,0.0035,0.0223,-0.0047,0.023
5.095000,-0.0108,0.0197,0.0213,0.031
5.100000,0.0059,-0.0018,-0.0217,0.023
5.104000,-0.0153,0.0173,-0.0193,0.030
5.108000,-0.0081,0.0100,-0.0026,0.013
5.124000,0.0109,0.0099,0.0210,0.026
5.125000,0.0085,0.0027,0.0421,0.043
5.125000,-0.0129,-0.0115,0.0107,0.020
5.128000,0.0038,0.0195,-0.0061,0.021
5.139000,-0.0034,-0.0283,-0.0109,0.030
5.139000,0.0109,0.0027,-0.0204,0.023
5.143000,0.0013,-0.0044,-0.0085,0.010
5.149000,0.0228,0.0027,-0.0062,0.024
5.152000,0.0179,0.0121,0.0103,0.024
5.156000,0.0058,-0.0188,0.0149,0.025
5.163000,-0.0226,0.0075,0.0027,0.024
5.167000,0.0014,-0.0069,-0.0235,0.025
5.172000,0.0178,-0.0045,-0.0068,0.020
5.176000,0.0176,0.0145,0.0121,0.026
5.180000,0.0175,0.0025,0.0143,0.023
5.187000,-0.0085,-0.0047,0.0116,0.015
5.193000,0.0178,-0.0046,-0.0100,0.021
5.196000,0.0104,0.0049,0.0066,0.013
5.201000,-0.0111,0.0121,0.0302,0.034
5.206000,0.0058,0.0120,0.0155,0.020
5.212000,0.0034,0.0261,-0.0037,0.027
5.218000,0.0057,-0.0050,-0.0133,0.015
5.221000,0.0080,0.0045,-0.0252,0.027
5.225000,-0.0039,0.0045,-0.0180,0.019
5.230000,0.0056,-0.0121,0.0010,0.013
5.236000,0.0175,0.0188,0.0246,0.036
5.240000,0.0102,-0.0004,0.0053,0.011
5.244000,-0.0041,-0.0123,0.0004,0.013
5.263000,0.0032,0.0068,-0.0021,0.008
5.264000,0.0055,0.0186,-0.0046,0.020
5.265000,-0.0160,0.0019,0.0119,0.020
5.265000,0.0033,0.0042,-0.0049,0.007
5.284000,0.0058,0.0042,-0.0074,0.010
5.285000,0.0034,0.0184,0.0044,0.019
5.285000,-0.0111,-0.0079,0.0067,0.015
5.285000,0.0009,-0.0055,-0.0006,0.006
5.288000,0.0082,0.0135,-0.0174,0.023
5.293000,0.0177,0.0062,-0.0174,0.026
5.296000,0.0080,-0.0129,-0.0079,0.017
5.301000,-0.0016,0.0157,-0.0008,0.016
5.308000,0.0009,-0.0176,-0.0033,0.018
5.312000,-0.0062,-0.0175,0.0014,0.019
5.316000,0.0105,-0.0080,0.0012,0.013
5.321000,0.0080,0.0063,0.0106,0.015
5.326000,-0.0015,0.0133,-0.0181,0.022
5.334000,0.0200,-0.0011,-0.0181,0.027
5.336000,0.0080,0.0178,-0.0086,0.021
5.341000,-0.0110,-0.0015,0.0128,0.017
5.346000,0.0082,0.0057,0.0102,0.014
5.350000,-0.0084,0.0009,-0.0019,0.009
5.356000,0.0106,0.0080,0.0122,0.018
5.360000,0.0034,0.0031,0.0072,0.009
5.380000,0.0225,0.0054,0.0118,0.026
5.381000,0.0176,0.0101,-0.0145,0.025
5.382000,-0.0040,-0.0090,-0.0003,0.010
5.382000,-0.0062,0.0243,-0.0052,0.026
5.385000,0.0177,0.0051,-0.0195,0.027
5.389000,-0.0251,-0.0402,0.0067,0.048
5.393000,0.0084,-0.0138,-0.0268,0.031
5.397000,0.0321,0.0647,0.0161,0.074
5.404000,-0.0158,0.0023,0.0206,0.026
5.408000,-0.0298,-0.0548,-0.0153,0.064
5.413000,0.0300,0.0241,-0.0367,0.053
5.417000,0.0060,0.0358,-0.0033,0.036
5.422000,-0.0204,-0.0310,0.0085,0.038
5.428000,-0.0060,-0.0046,0.0012,0.008
5.432000,0.0134,0.0406,-0.0132,0.045
5.437000,0.0039,-0.0261,-0.0133,0.030
5.441000,-0.0201,-0.0285,0.0010,0.035
5.446000,0.0253,0.0430,0.0032,0.050
5.458000,0.0038,-0.0144,-0.0041,0.015
5.459000,-0.0199,-0.0120,-0.0018,0.023
5.463000,0.0064,0.0070,0.0076,0.012
5.465000,0.0158,0.0141,-0.0068,0.022
5.474000,-0.0056,0.0020,0.0121,0.013
5.476000,-0.0006,-0.0146,-0.0142,0.020
5.487000,0.0208,-0.0002,-0.0285,0.035
5.488000,-0.0127,0.0117,0.0025,0.017
5.490000,-0.0172,0.0045,0.0071,0.019
5.494000,0.0138,-0.0027,-0.0097,0.017
5.500000,0.0233,0.0138,-0.0098,0.029
5.505000,-0.0054,-0.0007,0.0021,0.006
5.509000,-0.0100,-0.0077,0.0114,0.017
5.513000,0.0067,0.0065,-0.0078,0.012
5.519000,0.0018,0.0136,0.0016,0.014
5.524000,-0.0123,-0.0103,0.0039,0.017
5.529000,0.0259,-0.0055,-0.0461,0.053
5.534000,0.0113,0.0278,-0.0031,0.030
5.539000,-0.0102,0.0013,0.0158,0.019
5.543000,0.0114,0.0037,-0.0249,0.028
5.561000,0.0067,-0.0296,-0.0177,0.035
5.563000,0.0044,-0.0008,-0.0129,0.014
5.563000,0.0020,0.0276,0.0085,0.029
5.563000,-0.0313,-0.0416,0.0154,0.054
5.583000,0.0095,0.0230,-0.0110,0.027
5.584000,0.0118,0.0251,-0.0253,0.038
5.584000,-0.0192,-0.0298,-0.0370,0.051
5.585000,0.0188,0.0013,-0.0131,0.023
5.585000,-0.0050,0.0228,0.0153,0.028
5.590000,-0.0167,0.0013,0.0056,0.018
5.596000,0.0215,0.0132,0.0078,0.026
5.601000,-0.0048,-0.0012,0.0242,0.025
5.606000,-0.0283,0.0107,-0.0046,0.031
5.609000,-0.0043,-0.0131,-0.0546,0.056
5.615000,-0.0020,0.0227,-0.0281,0.036
5.620000,0.0075,-0.0178,-0.0090,0.021
5.625000,0.0146,-0.0057,-0.0020,0.016
5.633000,0.0145,0.0039,-0.0068,0.016
5.634000,0.0002,0.0085,0.0074,0.011
5.639000,-0.0021,-0.0106,0.0214,0.024
5.645000,0.0099,0.0109,-0.0098,0.018
5.650000,-0.0020,-0.0058,-0.0288,0.029
5.656000,0.0121,-0.0082,-0.0334,0.036
5.658000,-0.0259,0.0133,-0.0190,0.035
5.663000,0.0077,0.0084,-0.0024,0.012
5.670000,0.0385,0.0060,-0.0001,0.039
5.674000,0.0238,-0.0059,0.0211,0.032
5.679000,-0.0071,-0.0106,0.0208,0.024
5.696000,-0.0092,-0.0032,-0.0270,0.029
5.697000,-0.0233,0.0039,-0.0435,0.050
5.697000,0.0005,0.0110,-0.0290,0.031
5.717000,-0.0067,-0.0128,-0.0218,0.026
5.718000,0.0196,0.0065,-0.0241,0.032
5.718000,0.0170,0.0682,-0.0027,0.070
5.719000,-0.0212,-0.0297,0.0590,0.069
5.720000,0.0196,-0.0390,-0.0105,0.045
5.722000,0.0386,0.0374,-0.0462,0.071
5.727000,-0.0354,0.0395,0.0205,0.057
5.732000,-0.0279,-0.0321,-0.0154,0.045
5.735000,0.0413,-0.0105,-0.0700,0.082
5.741000,-0.0208,0.0490,-0.0102,0.054
5.746000,-0.0300,-0.0202,-0.0007,0.036
5.751000,0.0368,-0.0629,-0.0388,0.083
5.754000,0.0317,0.0185,-0.0078,0.037
5.760000,-0.0232,0.0041,0.0420,0.048
5.767000,0.0104,-0.0031,-0.0320,0.034
5.771000,0.0103,0.0134,-0.0319,0.036
5.775000,0.0078,0.0156,-0.0223,0.028
5.778000,0.0173,-0.0059,-0.0008,0.018
5.785000,-0.0255,0.0133,0.0133,0.032
5.791000,-0.0039,0.0132,0.0154,0.021
5.794000,0.0340,0.0178,0.0033,0.039
5.807000,0.0195,-0.0085,0.0103,0.024
5.808000,-0.0067,0.0129,-0.0184,0.023
5.809000,0.0054,-0.0180,-0.0754,0.078
5.813000,-0.0351,-0.0202,-0.0440,0.060
5.820000,0.0031,-0.0034,-0.0367,0.037
5.823000,0.0245,-0.0104,-0.0104,0.029
5.826000,0.0148,0.0180,0.0323,0.040
5.832000,-0.0065,0.0035,0.0319,0.033
5.837000,-0.0088,-0.0061,0.0149,0.018
5.842000,-0.0086,0.0010,-0.0352,0.036
5.849000,-0.0014,0.0105,-0.0682,0.069
5.850000,-0.0015,0.0033,-0.0512,0.051
5.856000,-0.0087,-0.0062,-0.0153,0.019
5.863000,0.0081,0.0057,-0.0082,0.013
5.868000,0.0177,0.0056,0.0155,0.024
5.871000,0.0176,0.0078,0.0129,0.023
5.875000,0.0247,0.0147,0.0008,0.029
5.883000,-0.0015,0.0074,0.0125,0.015
5.887000,-0.0250,0.0146,-0.0067,0.030
5.891000,-0.0033,0.0168,-0.0590,0.061
5.896000,-0.0106,0.0071,-0.0159,0.020
5.900000,-0.0083,-0.0310,-0.0040,0.032
5.906000,0.0180,-0.0188,-0.0421,0.049
5.910000,0.0273,0.0194,-0.0205,0.039
5.929000,0.0152,0.0073,0.0294,0.034
5.930000,0.0365,0.0024,0.0457,0.059
5.930000,0.0032,0.0165,-0.0094,0.019
5.931000,-0.0204,-0.0050,-0.0166,0.027
5.949000,-0.0131,-0.0097,-0.0427,0.046
5.951000,0.0011,-0.0239,-0.0235,0.034
5.951000,0.0033,-0.0166,-0.0210,0.027
5.952000,0.0103,-0.0022,-0.0091,0.014
5.953000,0.0174,-0.0023,0.0146,0.023
5.959000,0.0317,0.0261,0.0238,0.047
5.964000,0.0198,0.0020,-0.0002,0.020
5.968000,0.0127,0.0161,-0.0194,0.028
5.971000,-0.0182,0.0042,0.0163,0.025
5.977000,-0.0300,0.0137,-0.0101,0.034
5.982000,-0.0321,0.0208,0.0017,0.038
5.987000,-0.0224,0.0111,-0.0079,0.026
5.992000,0.0228,0.0015,-0.0246,0.034
5.995000,0.0202,-0.0056,-0.0245,0.032
6.003000,0.0152,-0.0101,-0.0244,0.031
6.006000,0.0127,0.0019,0.0065,0.014
6.011000,0.0126,-0.0171,-0.0127,0.025
6.026000,-0.0373,-0.0598,-0.0507,0.087
6.027000,-0.0083,-0.0048,-0.1453,0.146
6.028000,0.0225,-0.0121,-0.1229,0.125
6.046000,-0.0207,-0.0550,-0.0222,0.063
6.047000,0.0273,0.0285,0.0253,0.047
6.050000,0.0296,0.0850,0.0582,0.107
6.051000,-0.0275,0.0033,0.1146,0.118
6.051000,0.0133,0.0149,0.0138,0.024
6.054000,-0.0033,0.0005,-0.0197,0.020
6.060000,-0.0508,0.0434,-0.0125,0.068
6.066000,0.0157,0.0242,0.0017,0.029
6.068000,0.0436,0.0002,0.0704,0.083
6.074000,0.0055,0.0168,0.0460,0.049
6.082000,0.0748,-0.0070,-0.0187,0.077
6.084000,0.0242,-0.0116,-0.0210,0.034
6.088000,-0.0237,-0.0257,0.0265,0.044
6.092000,-0.0233,-0.0990,-0.0925,0.138
6.100000,-0.0063,-0.0411,-0.1394,0.145
6.103000,-0.0540,0.0043,-0.1692,0.178
6.108000,-0.0420,-0.0318,-0.1323,0.142
6.112000,0.0415,0.0110,-0.0743,0.086
6.117000,0.0439,0.0486,0.0212,0.069
6.123000,0.0534,0.0124,0.0945,0.109
6.127000,0.0315,0.0550,0.1244,0.140
6.146000,-0.0494,0.0141,0.0829,0.098
6.147000,-0.0204,-0.0096,0.0108,0.025
6.147000,0.0223,0.0594,0.0011,0.063
6.149000,-0.0281,-0.0147,-0.0204,0.038
6.157000,0.0124,-0.0525,-0.0227,0.059
6.158000,0.0434,0.0193,0.0248,0.054
6.161000,0.0574,0.0145,0.0554,0.081
6.166000,0.0331,0.0000,0.0120,0.035
6.170000,0.0021,-0.0143,-0.0119,0.019
6.176000,-0.0379,-0.0070,-0.0856,0.094
6.180000,-0.0328,-0.0187,-0.0755,0.084
6.185000,0.0053,0.0172,-0.0061,0.019
6.188000,-0.0067,0.0170,-0.0418,0.046
6.194000,-0.0233,-0.0424,-0.0440,0.065
6.198000,0.0101,-0.0277,-0.0532,0.061
6.204000,0.0338,-0.0156,-0.0767,0.085
6.208000,0.0097,-0.0085,-0.0358,0.038
6.213000,-0.0093,0.0270,0.0499,0.057
6.219000,0.0245,0.0171,0.0208,0.036
6.223000,-0.0204,0.0334,-0.0056,0.040
6.228000,-0.0226,0.0354,-0.0009,0.042
6.245000,0.0107,-0.0098,-0.0248,0.029
6.246000,-0.0111,0.0143,0.0133,0.022
6.247000,-0.0041,0.0216,0.0249,0.033
6.265000,0.0338,-0.0355,-0.0300,0.057
6.267000,0.0691,-0.0233,-0.0418,0.084
6.267000,0.0733,-0.0042,-0.0249,0.078
6.267000,-0.0198,-0.0636,-0.0344,0.075
6.267000,-0.0240,-0.0441,-0.0769,0.092
6.271000,0.0145,0.0962,-0.0551,0.112
6.276000,-0.0120,0.0310,-0.0001,0.033
6.282000,-0.0545,-0.0715,0.0164,0.091
6.285000,-0.0108,0.0858,-0.0052,0.087
6.291000,0.0059,0.0212,-0.0362,0.042
6.295000,-0.0304,-0.0026,0.0115,0.033
6.300000,0.0429,-0.0096,0.0303,0.053
6.305000,0.0070,-0.0261,-0.0247,0.037
6.309000,-0.0095,0.0122,-0.0080,0.017
6.314000,0.0286,-0.0095,-0.0295,0.042
6.319000,0.0068,0.0141,0.0015,0.016
6.325000,0.0400,-0.0313,0.0062,0.051
6.332000,0.0045,0.0166,0.0155,0.023
6.334000,0.0046,0.0188,0.0081,0.021
6.339000,0.0044,-0.0028,0.0221,0.023
6.344000,-0.0384,-0.0123,0.0028,0.040
6.351000,-0.0140,-0.0122,-0.0804,0.083
6.353000,-0.0232,-0.0050,-0.1250,0.127
6.357000,0.0052,0.0188,-0.0362,0.041
6.378000,0.0098,0.0020,0.0304,0.032
6.380000,0.0311,0.0188,0.0467,0.059
6.380000,0.0357,0.0259,0.0319,0.054
6.381000,0.0021,-0.0122,0.0054,0.014
6.381000,-0.0169,-0.0216,-0.0233,0.036
6.388000,-0.0215,-0.0260,-0.0565,0.066
6.391000,-0.0333,-0.0091,-0.0989,0.105
6.397000,-0.0000,0.0004,-0.0245,0.025
6.401000,0.0023,0.0075,-0.0245,0.026
6.405000,0.0096,-0.0070,-0.0268,0.029
6.410000,0.0050,-0.0022,-0.0243,0.025
6.416000,0.0002,0.0121,0.0019,0.012
6.421000,0.0144,0.0120,-0.0125,0.023
6.426000,-0.0262,-0.0094,0.0184,0.033
6.428000,0.0050,0.0121,0.0038,0.014
6.435000,0.0145,0.0025,-0.0153,0.021
6.440000,-0.0023,-0.0118,-0.0082,0.015
6.447000,0.0285,0.0050,0.0036,0.029
6.450000,0.0401,0.0050,-0.0108,0.042
6.453000,-0.0006,-0.0021,0.0105,0.011
6.459000,0.0161,0.0050,0.0032,0.017
6.478000,0.0019,0.0167,-0.0065,0.018
6.479000,-0.0145,0.0047,0.0077,0.017
6.479000,-0.0118,-0.0072,-0.0447,0.047
6.480000,0.0026,0.0072,-0.0611,0.062
6.493000,-0.0308,0.0097,-0.0156,0.036
6.494000,0.0073,-0.0046,0.0105,0.014
6.494000,0.0215,-0.0306,-0.0063,0.038
6.500000,0.0001,-0.0091,-0.0254,0.027
6.501000,0.0262,-0.0233,-0.0229,0.042
6.507000,0.0165,-0.0136,-0.0110,0.024
6.512000,0.0165,0.0198,0.0080,0.027
6.517000,0.0046,0.0196,0.0054,0.021
6.522000,-0.0072,0.0027,-0.0090,0.012
6.525000,-0.0189,0.0217,-0.0233,0.037
6.532000,0.0026,-0.0045,-0.0470,0.047
6.537000,-0.0142,0.0027,-0.0230,0.027
6.542000,0.0168,-0.0114,-0.0063,0.021
6.546000,0.0237,-0.0042,0.0173,0.030
6.550000,0.0165,0.0077,0.0147,0.023
6.556000,0.0141,0.0171,-0.0093,0.024
6.561000,0.0189,0.0216,-0.0141,0.032
6.566000,0.0118,-0.0118,-0.0307,0.035
6.570000,-0.0168,0.0002,-0.0116,0.020
6.574000,-0.0262,-0.0163,-0.0211,0.037
6.594000,0.0024,-0.0066,-0.0021,0.007
6.595000,0.0095,0.0100,0.0215,0.026
6.596000,0.0237,0.0121,-0.0144,0.030
6.596000,0.0261,0.0143,-0.0310,0.043
6.612000,0.0118,0.0118,-0.0119,0.021
6.613000,-0.0214,-0.0001,-0.0167,0.027
6.614000,-0.0283,-0.0095,-0.0356,0.046
6.616000,-0.0280,-0.0164,-0.0521,0.061
6.618000,-0.0232,-0.0186,-0.0281,0.041
6.621000,0.0078,0.0124,-0.0279,0.032
6.628000,0.0196,0.0170,0.0078,0.027
6.632000,0.0362,0.0025,0.0028,0.036
6.638000,0.0218,0.0097,0.0051,0.024
6.641000,-0.0068,0.0002,0.0096,0.012
6.647000,0.0005,0.0073,0.0023,0.008
6.652000,-0.0232,-0.0141,-0.0216,0.035
6.657000,-0.0158,-0.0234,-0.0287,0.040
6.662000,0.0152,-0.0090,-0.0357,0.040
6.666000,0.0317,0.0006,-0.0213,0.038
6.670000,0.0243,-0.0042,0.0073,0.026
6.678000,0.0196,-0.0090,0.0047,0.022
6.682000,-0.0040,0.0006,0.0140,0.015
6.686000,-0.0108,0.0030,-0.0242,0.027
6.690000,-0.0267,0.0102,-0.0455,0.054
6.699000,-0.0234,-0.0040,-0.0975,0.100
6.701000,0.0040,0.0152,-0.0660,0.068
6.705000,0.0361,0.0106,-0.0514,0.064
6.710000,0.0376,-0.0106,-0.0227,0.045
6.717000,0.0558,-0.0459,-0.0109,0.073
6.719000,0.0478,-0.0406,0.0365,0.073
6.725000,0.0258,-0.0260,0.0384,0.053
6.743000,-0.0150,-0.0140,0.0260,0.033
6.744000,-0.0291,0.0073,0.0042,0.030
6.744000,-0.0123,0.0165,-0.0198,0.029
6.745000,-0.0052,0.0162,-0.0293,0.034
6.769000,0.0017,-0.0078,-0.0364,0.037
6.770000,0.0156,-0.0197,-0.0363,0.044
6.770000,0.0007,-0.0218,-0.0219,0.031
6.770000,-0.0022,-0.0074,0.0042,0.009
6.770000,0.0092,0.0092,0.0087,0.016
6.772000,-0.0127,0.0041,0.0061,0.015
6.777000,-0.0153,0.0086,0.0083,0.019
6.783000,-0.0273,0.0202,-0.0276,0.044
6.786000,-0.0343,0.0389,-0.0537,0.075
6.791000,-0.0246,0.0242,-0.0772,0.085
6.797000,-0.0101,0.0217,-0.0981,0.101
6.801000,0.0020,0.0146,-0.0595,0.061
6.806000,0.0211,0.0027,-0.0260,0.034
6.810000,0.0306,-0.0043,0.0025,0.031
6.814000,0.0400,-0.0017,0.0236,0.047
6.821000,0.0255,-0.0064,0.0422,0.050
6.826000,0.0109,-0.0302,0.0393,0.051
6.844000,0.0054,-0.0468,0.0555,0.073
6.847000,0.0066,-0.0371,0.0382,0.054
6.847000,0.0169,0.0081,0.0164,0.025
6.848000,0.0103,0.0150,0.0043,0.019
6.851000,0.0228,-0.0020,-0.0268,0.035
6.855000,0.0141,-0.0236,-0.0362,0.045
6.859000,0.0128,-0.0284,-0.0526,0.061
6.865000,0.0236,-0.0094,-0.0310,0.040
6.869000,0.0273,-0.0144,-0.0356,0.047
6.874000,0.0618,-0.0196,-0.0093,0.066
6.879000,0.0486,-0.0011,0.0120,0.050
6.883000,0.0236,-0.0065,0.0213,0.032
6.887000,0.0084,0.0071,0.0305,0.032
6.893000,-0.0236,0.0110,-0.0008,0.026
6.898000,-0.0772,0.0339,0.0086,0.085
6.903000,-0.0952,0.0164,0.0298,0.101
6.907000,-0.0896,0.0657,0.0034,0.111
6.911000,-0.1130,0.0481,-0.0371,0.128
6.917000,-0.1009,0.0333,-0.0820,0.134
6.922000,-0.0202,0.0593,-0.1194,0.135
6.927000,0.0740,0.0448,-0.1209,0.149
6.942000,0.0250,-0.0454,-0.0156,0.054
6.943000,-0.0014,-0.1110,-0.0061,0.111
6.944000,0.0559,0.0113,0.0057,0.057
6.964000,0.0627,0.0632,0.0316,0.094
6.965000,-0.0110,-0.0160,0.0312,0.037
6.965000,-0.0096,-0.0422,-0.0428,0.061
6.966000,0.0273,0.0722,-0.1019,0.128
6.966000,-0.0293,0.0315,-0.0395,0.058
6.970000,-0.0171,-0.0302,-0.0085,0.036
6.975000,0.0072,-0.0248,0.0057,0.026
6.981000,0.0412,-0.0551,0.0363,0.078
6.984000,0.0731,-0.0473,-0.0045,0.087
6.990000,0.1071,0.0148,-0.0593,0.123
6.994000,0.0647,-0.0353,-0.0091,0.074
6.999000,0.0376,-0.0494,0.0170,0.064
7.004000,0.0756,-0.0420,-0.0237,0.090
7.007000,0.0612,-0.0537,-0.0712,0.108
7.013000,0.0399,-0.0344,-0.0827,0.098
7.018000,0.0520,-0.0392,-0.0394,0.076
7.024000,0.0716,-0.0205,-0.0084,0.075
7.027000,0.0799,-0.0376,0.0010,0.088
7.032000,0.0743,-0.0593,0.0008,0.095
7.038000,0.0884,-0.0454,0.0077,0.100
7.044000,0.0742,-0.0508,0.0027,0.090
7.060000,0.0556,-0.0348,-0.0142,0.067
7.061000,0.0376,-0.0049,0.0095,0.039
7.062000,0.0247,0.0579,-0.0050,0.063
7.076000,0.0028,0.0489,-0.0336,0.059
7.077000,0.0051,0.0568,-0.0786,0.097
7.077000,0.0267,0.0457,-0.0877,0.102
7.077000,0.0293,0.0350,-0.0824,0.094
7.086000,0.0368,0.0103,-0.0962,0.104
7.086000,0.0203,-0.0068,-0.0790,0.082
7.090000,0.0396,0.0048,-0.0477,0.062
7.097000,0.0210,-0.0143,-0.0310,0.040
7.099000,-0.1107,-0.2419,-0.3942,0.476
7.103000,0.7124,0.1399,-2.9513,3.039
7.110000,0.6700,0.4425,-1.2243,1.464
7.120000,-0.3423,0.0505,-0.6675,0.752
7.122000,-0.4998,0.1667,-0.3378,0.626
7.123000,-0.1916,0.3414,0.4383,0.588
7.127000,-0.2374,0.2228,1.4218,1.459
7.134000,-0.4700,-0.0656,2.0888,2.142
7.139000,-0.5529,-0.2532,2.2804,2.360
7.143000,-0.5263,-0.3062,2.0693,2.157
7.148000,-0.5550,-0.2600,1.5157,1.635
7.156000,-0.5349,-0.1790,0.7792,0.962
7.158000,-0.5461,-0.1041,0.1344,0.572
7.172000,-0.7356,-0.2201,-0.4172,0.874
7.172000,-0.3261,0.0782,-0.7909,0.859
7.173000,-0.0373,0.2186,-0.9644,0.990
7.177000,0.1175,0.2244,-0.9798,1.012
7.185000,0.2425,0.1992,-0.8860,0.940
